Address,Owner Address
erd1qqqqqqqqqqqqqpgqzs3y0vr4t4sqyet32t6jp9m85l3hlr93u00sdj9rxa,N/A
erd1qqqqqqqqqqqqqpgqzqsrh358v57maeclstufm4w2wrsc52cq0n4s38vfzd,N/A
erd1qqqqqqqqqqqqqpgqzqvm5ywqqf524efwrhr039tjs29w0qltkklsa05pk7,N/A
erd1qqqqqqqqqqqqqpgqzzcu2cgz48d4zh8czrrxzyc7c3x0ynx3czfs8n4ppn,N/A
erd1qqqqqqqqqqqqqpgqzaxt2e4630kpp6uxg5hl6yfefls72us0kklsxhl8fk,N/A
erd1qqqqqqqqqqqqqpgqzt7clww7329ajkq07x295h7hvl2hgnsaexks5m7sen,N/A
erd1qqqqqqqqqqqqqpgqzud07wsp6ghwsr8rwdhwt3pgrq6aveelznyq3h0yft,N/A
erd1qqqqqqqqqqqqqpgqzyuaqg3dl7rqlkudrsnm5ek0j3a97qevd8sszj0glf,N/A
erd1qqqqqqqqqqqqqpgqzyg3zygqqqqqqqqqqqqq2qqqqqqqqqqpqqqq03de6q,N/A
erd1qqqqqqqqqqqqqpgqzjstzefzeastekqpxz6ysh3d0k9eap9aexkscvsdqn,N/A
erd1qqqqqqqqqqqqqpgqzwv3sn2h4juyya2aadacmrt4hqj9r7a70n4shpwswh,N/A
erd1qqqqqqqqqqqqqpgqzqlavpqgwkrnslzrl05aqms2au2327asexksc4u3qg,N/A
erd1qqqqqqqqqqqqqpgqzw0d0tj25qme9e4ukverjjjqle6xamay0n4s5r0v9g,N/A
erd1qqqqqqqqqqqqqpgqzhpcdd8jg77m06zwqmhgw9xdmukn6pfeh2uslry9u8,N/A
erd1qqqqqqqqqqqqqpgqzvcvh8ur47nlwxsa9wf7gvrlmf764aerczfsnsjudc,N/A
erd1qqqqqqqqqqqqqpgqzwl6axaq2kfjaglfsrm3eqc0rs3cn85rqrast276y9,erd14sq9s4y5h9z2cekz4alwtv849nz2rdruac0z6y62u6cuvmjtwkqs5sg4c0
erd1qqqqqqqqqqqqqpgqzyg3zygqqqqqqqqqqqqq2qqqqqqqqqqqqqqqtstllp,N/A
erd1qqqqqqqqqqqqqpgqze3nszzj6ngfw3g0thm30r3v4tzudexdqz5q6kztm5,erd14sq9s4y5h9z2cekz4alwtv849nz2rdruac0z6y62u6cuvmjtwkqs5sg4c0
erd1qqqqqqqqqqqqqpgqz7s9ut07qm9uh2rtzzuntnnuxrpejjscqp6q03wqv4,erd14sq9s4y5h9z2cekz4alwtv849nz2rdruac0z6y62u6cuvmjtwkqs5sg4c0
erd1qqqqqqqqqqqqqpgqzsqek20mul9t07kwj8fswjl85qnmysweqrvs4u6qq3,erd14sq9s4y5h9z2cekz4alwtv849nz2rdruac0z6y62u6cuvmjtwkqs5sg4c0
erd1qqqqqqqqqqqqqpgqz88aj0jnyk2245qdckqlr0u3esrkm227up4sduprh7,erd1hhkr9x9htzlqr2fzxvkj83lv56ljg9gmjydhptw40qeeuefgup4sstampy
erd1qqqqqqqqqqqqqpgqzw0c6t3puxg4rfw9ae8zc2xl3wvmqwxmqprsucygxr,erd14sq9s4y5h9z2cekz4alwtv849nz2rdruac0z6y62u6cuvmjtwkqs5sg4c0
erd1qqqqqqqqqqqqqpgqz5rth288cy2njyetxeyeqqjv08g4ftn2jpmq2sr3jd,erd1v676yxpeuxhq6xt5z6xtcsgcupjd0gg7h9exklfg2wp0fx2ljpmq9m2cph
erd1qqqqqqqqqqqqqpgqz8q2ggskllzh9dp5988uz42jn95pqeghu00s0mlgca,erd1n0p3zc0ccr9dptetatlqs950c4cs3lq9gvuwsqtv5ksh8c9qu00sd6lrl9
erd1qqqqqqqqqqqqqpgqzuxy0ve8scj6jyl82gzy9m26lmd6m69kg20s5gt357,erd1vltw3a3vadjzsugm78guk5qtyat7wsv2upc9upp6yzrzx59ug20saw5xtc
erd1qqqqqqqqqqqqqpgqz5jh90tx3d45rjxd8yqkmgt69dqp5ckeyl5s34wdmf,erd1h6lh2tqjscs4n69c4w4wunu4qw2mz708qn8mqk4quzsyz2syn0aq5gu64s
erd1qqqqqqqqqqqqqpgqzjctu8xrgn8jmfp503tajjvzz2zq60v92jpsslkh5a,erd1qqqqqqqqqqqqqpgqq66xk9gfr4esuhem3jru86wg5hvp33a62jps2fy57p
erd1qqqqqqqqqqqqqpgqzy0qwv0jf0yk8tysll0y6ea0fhpfqlp32jpsder9ne,erd1ss6u80ruas2phpmr82r42xnkd6rxy40g9jl69frppl4qez9w2jpsqj8x97
erd1qqqqqqqqqqqqqpgqzps75vsk97w9nsx2cenv2r2tyxl4fl402jpsx78m9j,erd1ss6u80ruas2phpmr82r42xnkd6rxy40g9jl69frppl4qez9w2jpsqj8x97
erd1qqqqqqqqqqqqqpgqzq2szpgrh95nj6quqgre2qs3x9hct827qqcq28x3p2,erd14sq9s4y5h9z2cekz4alwtv849nz2rdruac0z6y62u6cuvmjtwkqs5sg4c0
